Date,Region,Food_Item,Historical_Price,Rainfall,Temperature,Inflation_Rate,Fuel_Cost,Supply,Demand
2015-01-31,West,Rice,81.25,248.0,32.0,6.4,105.74,679,606
2015-01-31,North,Vegetables,12.62,75.8,24.6,6.25,71.45,1481,499
2015-01-31,East,Fruits,63.92,51.4,23.9,6.72,105.75,1293,400
2015-01-31,North,Rice,90.9,256.6,32.2,5.52,96.06,1724,778
2015-01-31,South,Wheat,42.6,150.5,18.3,5.66,112.39,1297,1004
2015-01-31,North,Vegetables,72.25,45.7,26.3,1.95,81.67,1686,1512
2015-01-31,North,Rice,82.72,158.6,30.6,2.2,94.25,880,1558
2015-01-31,East,Wheat,21.45,13.4,32.1,8.04,116.7,855,918
2015-01-31,West,Fruits,77.46,216.9,28.7,6.13,82.11,1216,1786
2015-01-31,West,Fruits,21.68,115.0,17.0,1.92,64.05,562,1027
2015-01-31,West,Wheat,18.37,85.0,23.1,9.16,63.65,1502,1404
2015-01-31,South,Wheat,40.32,87.4,35.9,4.55,109.46,1855,1133
2015-01-31,North,Wheat,91.32,76.5,33.5,5.39,51.1,1078,591
2015-01-31,North,Vegetables,60.2,44.5,16.2,8.43,80.47,1318,632
2015-02-28,East,Wheat,46.85,12.7,30.0,7.02,86.89,1648,348
2015-02-28,North,Rice,89.13,263.2,34.3,5.3,100.22,1256,1470
2015-02-28,South,Rice,58.58,221.1,33.8,7.35,97.1,1330,513
2015-02-28,South,Rice,17.99,126.7,28.0,9.21,51.75,820,1092
2015-02-28,East,Rice,14.85,67.5,26.0,9.32,63.97,1241,1719
2015-02-28,North,Rice,38.52,270.7,27.8,5.3,63.46,1943,1384
2015-02-28,South,Fruits,93.55,186.6,30.5,2.04,81.48,668,593
2015-02-28,South,Vegetables,61.76,273.3,28.9,2.19,51.03,1493,1781
2015-02-28,South,Rice,71.54,30.9,30.9,7.49,53.12,518,988
2015-02-28,West,Rice,29.66,236.8,30.0,3.07,104.64,1575,1688
2015-02-28,West,Fruits,88.68,242.8,25.6,6.65,63.93,1294,1019
2015-02-28,North,Fruits,26.05,245.4,18.3,5.52,80.09,764,588
2015-03-31,North,Rice,97.26,192.8,22.9,9.86,78.41,1398,1682
2015-03-31,South,Rice,12.77,118.8,15.8,2.47,52.13,1324,712
2015-03-31,South,Vegetables,44.28,257.7,31.9,1.79,69.87,813,529
2015-03-31,East,Rice,10.94,165.6,34.8,5.53,83.82,1565,584
2015-03-31,South,Vegetables,23.43,69.1,17.9,3.52,115.83,1478,1799
2015-03-31,North,Fruits,29.44,247.8,15.3,8.67,85.25,591,1430
2015-03-31,West,Rice,70.84,297.7,23.3,7.35,74.17,1585,899
2015-03-31,West,Wheat,19.11,280.1,16.5,5.63,117.22,1619,690
2015-03-31,North,Wheat,50.17,171.5,39.7,8.84,73.37,1248,368
2015-03-31,North,Vegetables,53.79,226.1,25.5,8.46,65.45,500,1132
2015-03-31,North,Vegetables,76.75,28.5,22.9,4.71,110.83,1091,1293
2015-04-30,North,Vegetables,49.91,240.0,16.5,7.43,117.41,710,802
2015-04-30,South,Fruits,93.95,72.6,20.3,8.77,83.85,583,1664
2015-04-30,North,Wheat,82.67,23.0,18.0,1.89,56.29,548,1046
2015-04-30,West,Vegetables,52.49,242.6,33.2,2.61,58.79,584,303
2015-04-30,North,Wheat,22.53,9.4,24.1,9.2,64.57,1309,1119
2015-04-30,North,Wheat,71.36,262.6,35.4,9.39,50.11,805,793
2015-04-30,South,Wheat,24.56,194.3,18.1,5.29,73.0,1753,1411
2015-04-30,North,Fruits,46.38,162.5,19.9,7.12,97.04,1439,323
2015-04-30,North,Vegetables,50.86,239.9,18.8,6.33,85.13,824,354
2015-04-30,North,Fruits,74.78,197.4,24.3,1.87,113.88,1139,1135
2015-04-30,North,Rice,80.31,41.1,38.6,4.85,110.8,963,1506
2015-05-31,North,Rice,74.58,62.2,20.7,1.58,66.62,1874,559
2015-05-31,East,Rice,59.03,259.1,28.0,7.84,52.3,875,1217
2015-05-31,North,Vegetables,35.61,182.5,34.8,3.26,50.95,1738,1424
2015-05-31,West,Rice,12.75,124.9,21.9,4.95,87.6,1536,1674
2015-05-31,South,Rice,52.01,175.3,31.4,8.76,94.09,1763,846
2015-05-31,South,Fruits,46.43,159.2,16.5,3.77,53.83,1215,636
2015-05-31,South,Rice,87.82,124.7,38.7,8.98,66.75,667,763
2015-05-31,East,Fruits,56.82,25.3,31.8,4.12,80.02,1891,1256
2015-05-31,North,Vegetables,24.28,279.7,25.0,7.75,103.84,1920,596
2015-05-31,South,Fruits,19.08,0.9,35.2,5.56,69.96,1680,457
2015-06-30,South,Wheat,24.94,245.2,30.8,6.55,68.73,851,772
2015-06-30,South,Rice,87.56,295.0,21.8,8.17,90.7,1172,566
2015-06-30,South,Wheat,48.6,294.6,23.7,1.76,95.01,1449,1334
2015-06-30,South,Rice,53.14,251.5,36.4,9.8,114.48,1566,1403
2015-06-30,East,Vegetables,46.12,297.5,37.6,3.01,95.92,1788,849
2015-06-30,South,Wheat,85.47,132.9,30.8,2.07,63.87,1574,1619
2015-06-30,South,Vegetables,44.88,106.5,21.2,1.19,64.92,1199,327
2015-06-30,East,Rice,13.42,205.7,32.5,3.03,102.76,1038,1564
2015-07-31,East,Rice,70.38,14.6,39.9,9.57,99.54,1277,601
2015-07-31,North,Rice,29.55,124.8,20.3,2.81,109.86,1577,865
2015-07-31,East,Wheat,77.44,277.7,27.3,2.23,53.88,1633,1192
2015-07-31,East,Vegetables,55.88,124.7,31.2,7.09,103.15,627,673
2015-07-31,West,Vegetables,15.8,93.3,23.4,1.7,50.28,1943,886
2015-07-31,North,Rice,25.92,61.5,22.4,3.11,85.74,925,1598
2015-07-31,South,Wheat,98.17,130.6,32.4,4.56,73.9,644,1292
2015-08-31,South,Fruits,26.91,206.1,24.6,2.91,96.35,1473,1746
2015-08-31,West,Rice,61.05,219.7,18.4,9.59,53.31,1916,1619
2015-08-31,West,Wheat,34.88,199.5,30.6,3.26,82.38,1905,1520
2015-08-31,North,Fruits,81.46,166.0,27.8,8.53,113.58,1369,1748
2015-08-31,East,Wheat,29.08,25.6,19.7,3.76,52.31,1580,1113
2015-08-31,North,Wheat,66.99,213.0,19.1,5.62,108.8,1348,1211
2015-08-31,East,Wheat,28.8,93.7,29.5,1.43,101.47,981,1144
2015-08-31,South,Rice,60.9,201.3,21.2,5.78,98.24,1882,772
2015-08-31,North,Vegetables,38.19,211.8,39.2,7.87,59.61,1158,1189
2015-08-31,South,Rice,69.88,117.2,17.9,7.42,56.61,1954,369
2015-08-31,West,Rice,69.02,201.5,26.2,8.89,58.72,886,1750
2015-08-31,South,Vegetables,49.17,167.7,20.5,4.0,118.8,1030,386
2015-09-30,South,Vegetables,50.55,249.4,23.1,1.45,73.95,1163,580
2015-09-30,North,Rice,33.88,87.3,39.6,5.31,57.51,1086,760
2015-09-30,South,Wheat,55.91,66.1,26.5,8.85,50.34,1361,1410
2015-09-30,West,Wheat,95.86,105.1,30.4,4.53,96.81,1575,1068
2015-09-30,North,Vegetables,10.26,153.2,16.0,5.11,106.27,1675,1661
2015-09-30,North,Rice,45.19,118.4,38.2,9.4,54.96,697,900
2015-09-30,North,Vegetables,58.83,174.7,30.5,3.24,109.72,1759,1768
2015-09-30,West,Fruits,87.36,288.7,24.8,8.73,50.26,649,1148
2015-09-30,South,Rice,53.04,154.4,35.9,6.33,102.7,1417,1288
2015-09-30,East,Wheat,98.18,99.9,21.3,2.98,91.17,1512,306
2015-10-31,South,Fruits,70.96,284.8,21.8,1.81,92.27,1037,1693
2015-10-31,West,Vegetables,16.54,282.8,37.3,3.72,50.7,1840,796
2015-10-31,North,Rice,20.16,132.5,15.5,8.72,69.83,894,1269
2015-10-31,East,Wheat,16.17,2.4,36.5,2.09,84.94,1815,1188
2015-10-31,East,Vegetables,35.68,226.2,30.7,3.8,65.09,1036,1460
2015-11-30,East,Wheat,29.87,142.0,21.8,7.78,66.58,1808,663
2015-11-30,South,Rice,23.64,88.7,22.9,7.41,99.08,1044,1710
2015-11-30,West,Fruits,78.28,60.2,21.9,6.23,62.71,814,431
2015-11-30,South,Wheat,28.66,292.3,26.5,8.84,97.96,1567,1718
2015-12-31,West,Rice,24.73,133.3,21.2,7.3,95.06,1810,1445
2015-12-31,East,Fruits,44.35,95.6,22.7,4.59,56.55,848,816
2015-12-31,North,Fruits,60.37,171.3,17.3,2.45,70.95,852,570
2015-12-31,East,Wheat,57.94,222.2,28.1,3.18,86.41,512,1350
2015-12-31,East,Fruits,69.05,265.5,33.9,5.64,96.69,676,1794
2015-12-31,South,Fruits,21.47,138.6,21.9,6.66,83.86,540,522
2015-12-31,East,Vegetables,32.37,268.8,34.6,1.97,73.92,1894,1278
2015-12-31,East,Rice,26.32,37.6,26.4,1.49,117.51,1983,1216
2015-12-31,West,Wheat,29.87,267.6,24.0,6.59,109.83,826,728
2015-12-31,East,Rice,50.27,12.6,28.2,6.72,102.12,1851,828
2015-12-31,West,Vegetables,52.56,262.3,17.8,1.09,104.26,1442,769
2015-12-31,South,Vegetables,17.4,34.3,17.9,1.27,97.12,1336,733
2016-01-31,North,Wheat,70.71,127.8,37.4,7.38,55.37,910,1720
2016-01-31,South,Vegetables,66.54,128.9,38.3,2.2,68.76,508,1602
2016-01-31,West,Wheat,75.94,196.2,36.0,5.65,58.91,1826,1524
2016-01-31,South,Fruits,31.08,264.5,18.4,2.58,96.96,1869,775
2016-01-31,East,Rice,57.9,185.6,39.0,3.79,99.96,512,363
2016-01-31,South,Vegetables,19.51,285.9,20.7,8.56,78.96,1860,351
2016-01-31,East,Vegetables,51.8,203.7,36.8,8.87,111.8,1116,1092
2016-01-31,West,Fruits,87.58,178.6,21.3,7.75,106.38,790,922
2016-01-31,South,Vegetables,84.61,133.2,27.0,2.16,114.37,1590,1725
2016-02-29,North,Vegetables,99.15,34.3,23.2,5.49,75.16,623,922
2016-02-29,West,Wheat,44.1,243.8,39.6,6.23,114.31,1302,1197
2016-02-29,South,Wheat,68.65,228.3,33.3,8.77,83.19,1975,1797
2016-02-29,West,Fruits,60.99,10.8,36.3,9.39,104.38,914,1705
2016-02-29,West,Rice,17.2,80.2,30.9,1.57,50.16,648,1179
2016-02-29,North,Rice,35.0,21.0,20.0,8.13,89.59,845,1061
2016-02-29,West,Vegetables,40.58,211.1,22.2,3.84,86.94,593,736
2016-02-29,East,Fruits,77.25,199.5,33.3,5.36,86.42,944,767
2016-03-31,South,Wheat,10.6,212.1,34.9,7.46,80.83,1288,1016
2016-03-31,West,Wheat,78.26,135.2,18.4,1.45,104.12,712,1483
2016-03-31,North,Wheat,30.43,32.7,16.9,9.8,62.41,986,856
2016-03-31,East,Wheat,96.06,278.6,16.1,9.59,74.47,1215,322
2016-03-31,North,Wheat,84.87,234.9,25.2,7.89,59.78,701,1287
2016-03-31,East,Fruits,49.7,281.9,39.9,4.62,84.25,1600,338
2016-03-31,South,Rice,63.49,257.1,19.8,5.06,53.88,895,943
2016-03-31,West,Vegetables,36.76,263.8,22.8,8.61,107.28,937,1750
2016-03-31,South,Vegetables,80.91,31.4,32.6,6.38,119.63,767,1616
2016-04-30,South,Fruits,97.48,288.3,19.2,2.08,64.37,1606,1790
2016-04-30,East,Wheat,57.29,262.1,37.3,8.6,97.09,1753,726
2016-04-30,South,Vegetables,36.68,231.2,18.2,8.66,87.3,1349,565
2016-04-30,North,Vegetables,85.94,140.9,39.7,4.99,54.32,1057,1778
2016-04-30,South,Rice,22.4,227.7,36.4,9.01,75.11,1389,811
2016-04-30,West,Vegetables,42.73,61.2,28.7,3.56,52.43,1262,860
2016-04-30,South,Rice,15.32,261.8,29.3,4.86,67.98,1122,926
2016-04-30,East,Rice,86.24,240.4,32.3,7.21,96.22,1273,1492
2016-04-30,East,Vegetables,78.37,167.9,17.1,6.3,85.21,1381,1055
2016-04-30,West,Wheat,85.95,135.1,36.7,9.42,99.15,592,1129
2016-04-30,East,Rice,54.75,192.5,16.5,8.76,92.32,1570,1046
2016-04-30,North,Fruits,18.44,178.1,39.2,2.74,53.9,853,863
2016-04-30,South,Wheat,52.57,4.7,17.9,5.69,87.48,573,487
2016-05-31,East,Vegetables,98.25,293.7,34.2,3.96,81.59,1659,1132
2016-05-31,North,Fruits,50.07,202.0,26.4,4.62,53.56,643,719
2016-05-31,East,Rice,60.64,184.9,33.6,4.88,99.42,858,354
2016-05-31,West,Rice,31.8,118.7,20.2,4.93,91.56,686,1726
2016-05-31,South,Wheat,13.27,244.9,20.4,3.93,107.35,955,1433
2016-05-31,East,Rice,18.31,181.6,26.5,4.12,103.37,1627,1687
2016-05-31,North,Fruits,75.69,28.6,26.7,5.25,55.91,1225,1363
2016-05-31,West,Vegetables,23.56,120.3,15.7,9.71,54.85,1840,1435
2016-05-31,South,Fruits,68.0,282.7,22.9,3.39,117.18,1865,380
2016-05-31,South,Rice,64.62,202.8,34.5,5.43,55.29,1103,445
2016-05-31,East,Rice,23.07,84.6,31.0,8.1,78.24,1122,958
2016-05-31,South,Wheat,97.1,8.9,18.8,2.81,52.66,1220,422
2016-05-31,South,Rice,73.02,93.6,29.2,8.25,106.96,1008,574
2016-06-30,East,Wheat,88.6,219.1,34.3,3.77,74.03,885,387
2016-06-30,West,Fruits,43.43,47.7,35.8,5.01,118.62,1288,1010
2016-06-30,North,Wheat,84.51,21.6,18.5,7.27,114.23,1854,396
2016-06-30,South,Vegetables,99.97,189.5,38.9,5.58,54.37,855,1201
2016-06-30,North,Rice,78.57,130.9,29.7,6.94,81.01,1404,1724
2016-06-30,West,Fruits,95.75,80.0,17.2,5.75,90.18,789,682
2016-06-30,South,Rice,70.79,278.8,23.1,1.52,100.99,1903,1009
2016-07-31,West,Wheat,68.15,213.8,27.6,8.09,110.77,1858,1144
2016-07-31,East,Fruits,20.59,4.7,39.8,2.53,86.96,542,1494
2016-07-31,North,Rice,93.04,263.8,34.0,5.48,96.71,1298,472
2016-07-31,North,Wheat,81.87,273.5,36.6,3.61,81.75,949,1056
2016-07-31,North,Wheat,30.29,44.9,20.0,7.22,85.64,849,1098
2016-07-31,North,Wheat,24.91,60.3,28.1,3.2,100.91,1246,1040
2016-07-31,South,Rice,25.47,223.7,36.7,3.13,104.31,1167,1166
2016-07-31,South,Rice,46.63,85.7,19.1,8.38,109.46,769,1341
2016-07-31,South,Rice,89.18,232.2,16.1,7.53,100.35,1120,872
2016-07-31,South,Rice,74.86,120.8,22.8,6.96,113.63,1425,1704
2016-07-31,West,Wheat,76.81,154.7,26.1,2.82,65.24,1408,769
2016-07-31,West,Wheat,97.37,209.2,19.5,7.44,81.69,1923,469
2016-07-31,East,Wheat,26.25,203.9,23.0,7.27,86.76,603,1297
2016-07-31,West,Fruits,78.68,277.4,29.8,9.79,57.71,994,1290
2016-08-31,South,Wheat,72.54,129.3,35.6,1.53,109.39,600,330
2016-08-31,East,Rice,89.33,248.0,22.1,1.65,113.31,1282,547
2016-08-31,South,Wheat,63.94,6.2,27.4,2.71,87.33,1083,1140
2016-08-31,South,Rice,42.04,137.4,34.8,3.59,100.82,1527,794
2016-08-31,East,Fruits,28.26,229.4,22.8,1.96,97.06,1101,1296
2016-08-31,North,Rice,68.12,154.3,26.3,5.05,94.36,812,1409
2016-08-31,East,Vegetables,83.36,139.0,37.3,5.91,67.52,1491,792
2016-09-30,South,Wheat,34.4,175.0,29.0,1.23,84.58,953,1481
2016-09-30,East,Rice,84.28,215.9,20.7,6.72,93.38,1810,1403
2016-09-30,West,Wheat,41.81,136.1,22.6,9.94,88.29,1211,1179
2016-09-30,North,Fruits,76.6,47.2,38.7,1.24,52.6,1849,1395
2016-09-30,West,Vegetables,90.07,124.6,20.0,2.64,101.3,1253,1199
2016-09-30,South,Rice,57.82,295.9,22.6,5.57,77.35,1105,1409
2016-09-30,North,Vegetables,10.11,253.3,20.8,3.75,102.72,550,733
2016-09-30,North,Fruits,46.13,291.1,30.9,8.35,52.04,559,860
2016-09-30,East,Wheat,14.49,162.2,17.2,8.71,99.1,522,1039
2016-10-31,East,Rice,40.02,272.2,15.6,8.07,67.8,1304,1201
2016-10-31,North,Rice,40.93,231.7,31.5,8.61,69.47,909,676
2016-10-31,West,Vegetables,44.43,262.7,22.3,5.01,78.08,1465,719
2016-10-31,South,Fruits,15.05,234.7,18.3,7.0,62.8,1627,388
2016-10-31,East,Wheat,68.65,274.6,23.0,5.84,56.67,1722,1611
2016-11-30,South,Vegetables,99.74,111.7,29.5,3.86,58.06,1582,553
2016-11-30,East,Vegetables,99.26,236.0,16.6,4.44,111.99,1127,726
2016-11-30,North,Fruits,56.16,222.2,16.7,8.67,57.87,1176,1169
2016-11-30,South,Vegetables,22.38,231.9,26.3,2.99,83.11,646,1183
2016-11-30,West,Fruits,62.39,294.5,32.9,6.62,98.0,1133,898
2016-11-30,West,Rice,55.18,15.6,35.7,1.73,115.35,1468,1520
2016-11-30,West,Rice,59.41,282.1,27.8,5.63,118.23,704,777
2016-11-30,East,Fruits,40.01,131.5,35.2,3.27,113.54,572,1390
2016-11-30,South,Fruits,11.98,274.4,19.2,9.09,103.42,1733,503
2016-11-30,South,Wheat,85.0,294.5,29.0,4.73,97.04,861,386
2016-11-30,North,Wheat,15.82,279.9,19.2,8.77,58.09,1780,1285
2016-11-30,West,Fruits,44.77,117.6,34.5,4.27,90.57,1396,1413
2016-12-31,North,Vegetables,18.78,43.2,28.1,8.7,73.87,1799,1418
2016-12-31,North,Rice,30.41,69.5,34.2,3.79,114.44,875,972
2016-12-31,South,Vegetables,60.8,67.0,28.6,3.49,88.2,523,362
2016-12-31,East,Rice,67.28,188.5,29.1,4.88,94.47,1439,405
2016-12-31,South,Fruits,64.19,80.7,37.9,9.25,119.72,931,942
2016-12-31,West,Fruits,47.21,246.9,18.9,6.08,91.83,1866,1164
2016-12-31,East,Rice,90.9,248.4,21.4,6.66,56.48,1844,1688
2016-12-31,West,Wheat,86.78,56.1,35.7,8.45,52.19,920,641
2016-12-31,South,Vegetables,99.59,260.0,23.4,9.34,97.02,748,567
2016-12-31,North,Fruits,22.22,4.1,25.3,2.25,112.01,1480,533
2016-12-31,South,Rice,88.17,148.7,16.9,7.2,72.94,1537,1379
2016-12-31,South,Fruits,92.83,270.4,34.0,6.97,110.13,735,1794
2016-12-31,East,Wheat,37.78,180.3,15.8,1.52,98.77,1554,1331
2016-12-31,West,Wheat,81.02,123.6,22.7,5.2,85.02,1534,906
2017-01-31,South,Fruits,25.95,282.0,19.9,3.29,80.17,1734,1433
2017-01-31,North,Rice,76.2,291.7,16.9,1.37,110.07,798,1780
2017-01-31,South,Vegetables,77.57,183.7,15.5,5.28,55.74,1599,995
2017-01-31,East,Fruits,29.45,206.9,30.1,5.56,105.78,1662,1184
2017-01-31,South,Wheat,59.92,209.6,23.2,8.72,73.78,1303,969
2017-01-31,North,Wheat,80.89,61.6,28.6,2.74,103.52,1776,795
2017-01-31,North,Vegetables,52.69,143.8,32.0,7.89,117.51,1487,733
2017-01-31,North,Vegetables,86.67,18.9,24.6,3.16,92.45,1958,865
2017-02-28,West,Rice,27.26,192.6,23.7,1.41,97.88,1455,803
2017-02-28,South,Vegetables,48.58,222.0,22.0,3.32,75.11,1020,979
2017-02-28,South,Wheat,31.63,38.4,18.2,5.99,114.62,1294,860
2017-02-28,South,Vegetables,89.18,123.4,22.5,3.85,62.24,563,1523
2017-02-28,North,Rice,84.21,36.4,16.9,6.19,116.91,1120,1288
2017-02-28,West,Wheat,76.11,166.4,30.5,5.0,98.38,622,1340
2017-03-31,North,Wheat,73.54,211.9,21.5,2.25,85.18,1949,1477
2017-03-31,South,Vegetables,31.12,267.0,25.7,3.48,74.94,1466,1286
2017-03-31,West,Wheat,87.66,227.6,36.8,7.57,97.78,1076,743
2017-03-31,North,Fruits,59.08,191.5,17.8,5.46,67.65,1433,501
2017-03-31,North,Fruits,80.42,180.9,37.4,1.13,100.92,1039,791
2017-03-31,South,Wheat,94.36,150.3,22.9,4.49,87.55,658,606
2017-03-31,East,Fruits,65.27,284.7,29.6,5.81,69.0,604,1140
2017-03-31,East,Rice,96.38,53.4,18.9,5.01,75.26,940,488
2017-03-31,South,Fruits,75.77,12.7,39.9,4.89,109.64,1490,1528
2017-03-31,North,Fruits,47.62,135.0,34.0,2.12,76.96,1804,816
2017-04-30,West,Rice,51.58,209.5,25.6,7.85,104.72,1605,1374
2017-04-30,South,Rice,64.37,121.4,32.5,1.47,54.37,1706,891
2017-04-30,East,Rice,53.35,233.1,19.4,7.4,80.17,1299,952
2017-04-30,South,Wheat,99.24,118.6,34.8,1.38,64.26,1886,1583
2017-04-30,West,Vegetables,77.16,52.8,36.6,7.07,94.11,1851,971
2017-04-30,East,Wheat,80.22,144.7,30.7,7.31,91.96,1228,1034
2017-04-30,South,Vegetables,85.19,1.6,27.3,6.77,101.11,889,727
2017-04-30,West,Vegetables,18.94,24.1,31.3,7.73,104.24,617,1691
2017-05-31,West,Rice,40.64,100.7,38.1,9.41,61.14,1888,406
2017-05-31,South,Wheat,50.56,149.5,17.3,7.64,106.38,664,556
2017-05-31,East,Rice,84.66,214.0,29.2,1.67,118.52,1951,1557
2017-05-31,North,Vegetables,88.2,52.3,37.1,6.15,88.78,1246,471
2017-05-31,East,Vegetables,60.33,146.8,22.4,5.4,57.34,1923,464
2017-05-31,North,Rice,53.01,111.4,32.2,4.76,99.56,1776,1587
2017-05-31,East,Wheat,47.81,43.3,17.3,6.63,64.2,656,714
2017-05-31,East,Vegetables,65.75,164.5,18.6,3.8,54.97,1163,1167
2017-06-30,West,Vegetables,66.89,143.5,23.3,4.48,83.86,706,1212
2017-06-30,West,Vegetables,41.94,256.3,18.6,5.29,79.33,536,885
2017-06-30,East,Vegetables,80.84,93.9,37.8,6.26,64.91,1635,1354
2017-06-30,East,Vegetables,84.76,108.7,24.3,3.44,56.63,1761,1759
2017-06-30,West,Vegetables,91.35,128.9,19.8,9.45,51.01,1570,563
2017-06-30,North,Rice,82.83,51.0,34.3,9.2,117.94,1525,504
2017-06-30,South,Vegetables,38.18,15.0,35.0,7.17,84.55,1155,1501
2017-06-30,North,Wheat,95.33,257.2,30.4,3.8,113.21,933,1260
2017-06-30,South,Rice,77.94,202.5,33.8,3.95,92.4,1545,789
2017-06-30,East,Wheat,86.75,37.3,27.8,5.6,89.72,1598,785
2017-07-31,South,Wheat,47.14,124.5,21.6,9.48,107.77,1799,1045
2017-07-31,West,Fruits,44.73,290.2,33.9,2.12,88.41,850,1579
2017-07-31,South,Fruits,21.22,57.3,32.8,8.89,115.28,1653,933
2017-08-31,North,Wheat,36.1,153.0,33.2,9.38,98.66,1059,1438
2017-08-31,East,Rice,69.37,74.9,34.1,7.05,81.31,1335,443
2017-08-31,East,Wheat,52.88,64.9,25.4,3.67,52.52,1546,534
2017-08-31,South,Fruits,59.35,106.8,17.8,9.36,68.25,895,936
2017-08-31,North,Vegetables,95.23,297.1,26.1,2.57,56.76,1627,507
2017-08-31,East,Vegetables,25.22,189.7,17.3,9.98,50.15,632,780
2017-08-31,West,Rice,88.68,121.7,19.8,2.95,118.1,542,1541
2017-08-31,West,Rice,58.56,128.3,33.8,9.34,111.46,1349,1746
2017-08-31,North,Fruits,19.71,251.9,28.4,8.42,118.76,1268,1096
2017-08-31,East,Vegetables,50.51,45.2,15.6,7.76,62.16,1509,1755
2017-08-31,North,Rice,98.94,156.8,37.4,4.05,97.52,691,1661
2017-08-31,West,Vegetables,24.1,286.5,20.1,8.14,112.37,1685,962
2017-09-30,East,Wheat,99.2,64.0,36.4,6.37,59.75,1968,683
2017-09-30,South,Vegetables,12.78,173.7,30.7,3.5,96.61,1596,938
2017-09-30,West,Fruits,82.21,248.7,20.8,9.59,50.09,1368,403
2017-09-30,West,Fruits,26.04,15.6,25.5,2.97,58.1,1258,384
2017-09-30,South,Rice,37.08,202.8,21.6,1.57,100.92,675,1325
2017-09-30,West,Vegetables,46.36,56.9,26.2,1.22,81.73,502,1761
2017-09-30,East,Wheat,73.98,284.6,29.3,1.11,116.26,1269,1530
2017-09-30,East,Rice,38.99,80.7,18.3,3.69,109.19,552,1541
2017-09-30,East,Fruits,71.35,277.2,39.4,8.28,69.55,771,658
2017-09-30,East,Rice,16.99,246.5,38.8,4.02,86.8,717,375
2017-09-30,South,Vegetables,24.87,33.0,16.7,7.5,84.94,581,1327
2017-09-30,South,Rice,62.72,144.8,15.2,3.7,65.2,1702,1343
2017-09-30,East,Wheat,57.17,164.0,17.7,4.58,94.6,1298,1074
2017-09-30,South,Wheat,81.29,71.7,15.1,7.35,65.28,1409,1528
2017-09-30,West,Fruits,47.67,94.5,36.6,7.75,50.48,555,915
2017-09-30,South,Fruits,89.39,100.0,36.9,3.76,50.04,963,1382
2017-09-30,East,Rice,84.34,88.8,35.8,7.67,97.72,1141,1400
2017-09-30,North,Rice,53.12,104.7,20.7,9.27,112.58,1386,1775
2017-10-31,West,Rice,75.72,35.5,32.5,4.05,85.22,916,1371
2017-10-31,North,Vegetables,20.96,12.5,22.3,5.16,84.54,966,1654
2017-10-31,North,Vegetables,12.64,236.0,18.2,7.69,71.94,1060,841
2017-10-31,East,Fruits,99.65,207.4,37.7,9.37,96.09,1632,1361
2017-10-31,West,Fruits,87.71,164.2,15.0,1.67,58.17,640,666
2017-10-31,North,Fruits,38.07,104.3,29.3,3.68,64.47,702,1419
2017-10-31,East,Wheat,22.04,254.2,26.6,3.09,62.84,884,865
2017-10-31,West,Wheat,87.97,247.9,26.9,4.63,73.22,1654,1772
2017-11-30,West,Vegetables,32.22,140.8,27.2,7.09,95.98,1599,340
2017-11-30,West,Fruits,20.82,89.0,31.3,3.6,75.31,1732,1629
2017-11-30,East,Rice,13.84,161.6,38.5,1.29,84.25,590,683
2017-11-30,East,Vegetables,75.19,297.1,19.7,3.09,66.06,1710,1493
2017-11-30,West,Fruits,83.64,212.0,37.9,5.59,75.4,1715,974
2017-11-30,East,Vegetables,76.03,36.6,22.0,6.25,58.51,1877,1217
2017-11-30,West,Vegetables,39.03,200.1,32.4,1.64,64.69,570,331
2017-11-30,North,Vegetables,11.21,203.1,27.1,1.97,103.59,915,1153
2017-11-30,South,Fruits,86.32,174.7,37.8,7.51,75.61,1661,937
2017-11-30,East,Fruits,47.15,23.3,34.9,2.83,92.76,610,1081
2017-12-31,North,Vegetables,99.01,224.8,39.4,2.18,74.79,863,1511
2017-12-31,East,Wheat,57.32,235.1,35.6,6.89,79.88,585,1498
2017-12-31,West,Rice,85.43,124.4,39.2,7.75,96.61,728,1779
2017-12-31,West,Wheat,77.13,284.8,33.1,8.17,114.75,1848,1795
2017-12-31,South,Wheat,47.27,5.1,39.7,7.4,68.86,1090,790
2017-12-31,East,Vegetables,80.83,129.1,31.3,9.04,91.15,1447,1554
2017-12-31,North,Fruits,30.13,163.1,16.4,3.1,65.24,1895,536
2017-12-31,South,Fruits,27.46,218.0,22.9,8.68,91.59,1234,366
2017-12-31,West,Wheat,38.9,227.5,26.0,6.13,94.48,1898,1264
2017-12-31,North,Vegetables,53.95,172.6,29.5,9.45,56.4,1878,839
2017-12-31,West,Fruits,89.42,122.0,29.6,5.83,55.38,1648,832
2018-01-31,South,Fruits,54.27,210.8,26.8,6.12,108.57,1637,1301
2018-01-31,South,Fruits,65.71,49.2,33.9,7.65,112.09,1348,541
2018-01-31,South,Fruits,46.21,299.9,39.9,5.49,83.57,1301,1706
2018-01-31,South,Fruits,24.07,48.8,19.3,3.47,68.64,1679,999
2018-01-31,North,Vegetables,72.5,153.7,17.7,2.0,114.23,942,1099
2018-01-31,North,Fruits,39.0,76.1,37.8,2.75,58.95,1052,687
2018-01-31,East,Rice,13.65,116.0,23.8,2.04,77.05,1752,1631
2018-02-28,East,Fruits,25.34,34.8,30.6,1.48,94.23,1372,1045
2018-02-28,North,Rice,71.87,248.8,36.6,2.98,66.85,1233,539
2018-02-28,South,Fruits,13.97,65.9,25.9,2.98,65.43,559,1794
2018-02-28,East,Fruits,40.81,228.9,37.7,6.92,90.48,1661,857
2018-02-28,West,Rice,98.38,189.6,32.3,8.5,75.63,1637,1145
2018-02-28,West,Wheat,30.3,239.3,19.9,4.86,76.39,1651,1007
2018-02-28,East,Rice,58.83,138.5,37.1,5.62,100.27,1745,846
2018-02-28,South,Vegetables,16.21,109.7,16.7,5.4,84.98,1281,972
2018-02-28,West,Rice,88.44,198.7,30.3,8.83,68.71,1488,1038
2018-03-31,North,Fruits,13.99,133.9,27.6,6.12,61.45,1236,859
2018-03-31,North,Rice,51.66,296.8,30.4,3.61,51.24,823,840
2018-03-31,South,Rice,65.16,22.2,31.1,2.23,63.42,727,1348
2018-03-31,West,Vegetables,34.64,82.7,31.4,8.68,69.4,1493,1550
2018-03-31,North,Fruits,38.34,3.4,17.0,9.87,71.18,1578,494
2018-03-31,North,Vegetables,91.91,67.5,24.3,7.01,106.06,1373,744
2018-03-31,East,Wheat,55.19,179.9,26.7,7.74,119.95,604,1097
2018-03-31,East,Vegetables,85.6,177.1,27.5,8.31,81.96,1021,1264
2018-03-31,East,Wheat,94.81,260.9,26.7,6.2,85.9,1199,1388
2018-03-31,East,Vegetables,67.41,167.4,19.1,8.94,81.27,1681,1221
2018-03-31,North,Vegetables,36.86,232.8,17.6,5.02,74.42,1180,300
2018-04-30,North,Fruits,63.83,201.2,15.6,6.08,101.43,1152,1067
2018-04-30,West,Vegetables,10.03,54.5,23.8,8.36,63.77,1905,421
2018-04-30,North,Fruits,36.71,164.4,18.7,6.29,79.84,1455,1576
2018-04-30,North,Fruits,72.94,137.8,39.4,5.88,112.21,1546,802
2018-04-30,East,Wheat,86.32,159.6,34.2,3.21,112.91,956,1420
2018-05-31,West,Vegetables,57.3,168.4,21.8,7.7,62.05,1939,1311
2018-05-31,East,Wheat,67.38,103.4,38.2,5.32,93.66,1377,715
2018-05-31,North,Fruits,52.66,120.7,30.4,1.02,84.5,1368,1031
2018-05-31,South,Vegetables,77.88,198.9,22.0,7.72,82.83,1731,1751
2018-06-30,West,Vegetables,19.19,164.1,15.4,1.16,105.4,798,1065
2018-06-30,East,Fruits,29.67,282.8,23.0,2.01,51.52,1074,1132
2018-06-30,East,Wheat,67.9,219.5,23.1,3.71,76.74,1655,1071
2018-06-30,East,Wheat,31.93,80.7,34.6,3.6,64.2,801,356
2018-06-30,East,Wheat,74.66,156.3,34.6,8.39,80.96,1084,832
2018-06-30,South,Rice,45.76,280.9,32.5,5.2,96.48,587,1245
2018-06-30,East,Rice,74.95,39.5,38.0,1.51,88.55,738,1786
2018-06-30,East,Rice,82.19,3.9,36.8,9.24,74.1,880,1131
2018-06-30,East,Rice,86.22,155.0,25.7,8.32,75.3,998,1648
2018-07-31,South,Wheat,90.05,191.0,24.0,8.27,50.49,1734,1271
2018-07-31,North,Vegetables,12.45,265.3,22.1,4.65,103.71,828,1199
2018-07-31,South,Wheat,81.25,61.3,31.6,4.67,90.69,1353,1459
2018-07-31,East,Fruits,98.36,216.6,16.7,3.47,67.05,1262,1121
2018-07-31,East,Wheat,62.49,168.8,37.8,7.13,61.86,1129,394
2018-08-31,East,Vegetables,94.81,290.1,34.6,2.07,56.48,701,1084
2018-08-31,West,Vegetables,85.09,243.0,22.5,8.34,65.65,875,1785
2018-08-31,East,Rice,69.97,263.3,25.5,2.51,108.29,1268,792
2018-08-31,West,Fruits,30.37,232.1,26.9,7.35,53.76,1508,1444
2018-08-31,North,Fruits,22.72,173.8,37.9,6.51,80.24,1945,311
2018-08-31,South,Fruits,65.92,115.4,16.2,6.34,115.22,968,923
2018-08-31,South,Fruits,77.79,215.7,39.1,6.06,102.25,1624,1630
2018-08-31,North,Rice,34.81,150.5,20.2,2.73,87.56,1326,1360
2018-08-31,West,Wheat,53.74,0.1,29.4,4.7,94.45,1418,686
2018-09-30,East,Rice,57.7,40.1,15.4,1.5,116.85,1130,1042
2018-09-30,East,Fruits,19.48,4.3,34.7,7.46,54.32,1172,531
2018-09-30,East,Vegetables,90.5,205.0,22.9,2.57,60.17,1386,899
2018-09-30,South,Vegetables,91.03,255.8,35.9,9.44,57.37,1473,1467
2018-09-30,East,Wheat,48.73,202.7,36.2,3.34,73.5,1205,1744
2018-09-30,West,Rice,44.58,224.4,15.2,2.69,57.44,1068,324
2018-09-30,South,Fruits,62.13,65.2,28.8,3.12,98.31,1374,459
2018-09-30,East,Wheat,20.07,208.7,34.5,4.49,115.42,1147,1083
2018-10-31,South,Wheat,65.77,117.2,23.4,8.1,93.56,829,1279
2018-10-31,North,Wheat,40.44,235.6,39.7,5.34,113.2,1833,1239
2018-10-31,East,Vegetables,50.49,159.6,25.0,9.32,51.07,1422,1541
2018-10-31,North,Rice,43.41,255.2,33.3,8.66,55.87,1619,1591
2018-10-31,West,Wheat,25.15,189.9,33.3,9.44,67.67,798,790
2018-10-31,South,Wheat,33.24,174.3,15.3,8.41,75.2,1820,1409
2018-11-30,North,Wheat,97.06,97.6,27.6,7.37,69.19,685,1446
2018-11-30,North,Rice,83.69,12.9,38.1,3.93,116.78,1509,1738
2018-11-30,North,Fruits,73.81,138.4,15.4,2.98,93.57,621,1274
2018-11-30,South,Fruits,54.94,279.2,19.3,3.89,56.88,1084,1449
2018-11-30,East,Wheat,95.2,200.0,26.4,4.5,89.3,1792,681
2018-11-30,East,Vegetables,65.24,235.5,37.5,7.26,84.54,1836,1400
2018-11-30,South,Wheat,18.9,79.2,39.9,2.67,112.44,1338,1437
2018-11-30,East,Rice,55.62,259.7,27.8,6.62,68.23,1050,1594
2018-11-30,North,Wheat,90.75,298.9,35.1,4.64,58.65,651,1552
2018-11-30,North,Wheat,83.78,22.4,30.7,8.26,97.33,1744,335
2018-12-31,West,Vegetables,45.9,68.0,36.8,5.64,107.27,1472,710
2018-12-31,West,Wheat,95.53,35.7,34.5,4.42,55.65,1207,1109
2018-12-31,East,Fruits,25.02,81.4,30.5,6.21,117.35,1738,827
2018-12-31,South,Rice,20.98,39.5,31.3,5.27,113.43,1847,1113
2018-12-31,East,Fruits,59.4,155.9,27.5,3.52,55.53,1988,686
2018-12-31,North,Fruits,81.13,82.9,21.2,3.47,82.69,1776,872
2018-12-31,West,Rice,62.78,152.0,16.5,9.66,87.94,1252,789
2018-12-31,East,Fruits,28.88,154.1,16.1,8.75,94.68,1769,388
2018-12-31,East,Wheat,73.26,114.2,16.6,3.36,51.73,1629,1365
2018-12-31,East,Vegetables,76.54,84.3,27.0,9.57,89.66,1866,1338
2019-01-31,West,Fruits,43.47,188.2,20.3,4.4,101.17,1325,788
2019-01-31,East,Rice,14.01,95.0,28.8,6.53,72.64,981,1795
2019-01-31,East,Fruits,56.55,224.4,38.4,3.36,81.06,630,1573
2019-01-31,North,Rice,11.8,38.9,38.6,3.12,58.74,1629,1215
2019-01-31,South,Wheat,32.71,98.3,34.8,7.46,63.13,805,901
2019-01-31,North,Wheat,33.64,225.8,21.6,9.76,108.49,1730,1640
2019-01-31,North,Fruits,83.51,193.3,31.3,8.8,66.13,1796,1349
2019-01-31,East,Wheat,23.32,173.9,15.3,1.82,74.96,822,1230
2019-02-28,East,Fruits,74.93,203.2,23.5,5.03,72.08,1551,1704
2019-02-28,North,Fruits,52.33,264.8,29.0,3.54,109.72,1059,420
2019-02-28,North,Wheat,21.6,271.1,27.3,3.18,116.85,770,784
2019-02-28,North,Rice,97.44,200.8,32.9,3.74,56.36,743,837
2019-02-28,North,Fruits,96.16,30.0,29.2,7.26,93.49,1099,1504
2019-02-28,South,Fruits,60.7,220.9,24.2,4.04,93.14,1213,558
2019-02-28,West,Wheat,10.51,106.1,35.8,5.72,54.29,941,738
2019-02-28,West,Rice,21.7,153.5,17.9,5.7,57.2,1282,1704
2019-02-28,South,Vegetables,69.78,164.9,17.5,4.47,90.91,1416,989
2019-03-31,North,Fruits,31.99,191.4,15.3,5.29,62.14,1441,509
2019-03-31,West,Rice,60.42,134.7,18.6,5.12,70.33,1596,1592
2019-03-31,West,Rice,92.51,260.9,20.2,9.83,77.32,1348,598
2019-03-31,West,Rice,47.93,238.3,28.1,4.05,68.39,1681,986
2019-03-31,West,Fruits,72.8,91.1,32.7,9.73,68.11,1588,1763
2019-03-31,East,Wheat,18.08,62.2,34.8,4.89,58.09,1710,655
2019-03-31,West,Vegetables,15.68,33.3,38.4,3.76,100.09,1815,1147
2019-03-31,North,Wheat,51.56,253.0,25.3,1.2,69.15,1067,1407
2019-03-31,South,Rice,94.85,137.6,17.6,1.62,70.97,1145,534
2019-03-31,East,Vegetables,75.31,292.9,26.0,7.5,78.79,1784,542
2019-03-31,South,Wheat,52.69,120.8,19.6,8.47,70.99,1594,716
2019-03-31,West,Fruits,31.51,165.6,16.1,8.38,71.41,1212,936
2019-03-31,North,Wheat,19.4,22.9,15.4,7.68,86.33,1879,1265
2019-04-30,North,Rice,44.98,17.3,22.8,7.61,52.02,1081,340
2019-04-30,South,Fruits,50.65,115.7,18.1,9.83,55.36,1798,1021
2019-04-30,South,Vegetables,43.77,279.3,38.6,3.08,84.08,622,611
2019-04-30,East,Rice,35.23,29.6,24.7,6.59,97.04,1497,450
2019-04-30,East,Wheat,93.73,269.3,25.3,5.84,115.48,738,1125
2019-04-30,North,Vegetables,65.54,30.8,36.4,8.16,57.18,702,709
2019-04-30,South,Wheat,13.0,210.3,24.1,5.65,72.51,1457,1185
2019-04-30,East,Vegetables,63.18,54.5,29.8,1.71,100.25,1079,587
2019-04-30,East,Rice,52.27,122.9,24.1,4.17,59.91,1941,1592
2019-04-30,West,Vegetables,29.4,133.9,23.0,6.71,100.61,1625,1736
2019-04-30,West,Fruits,18.55,190.6,25.5,2.89,113.72,1392,1494
2019-05-31,South,Vegetables,36.33,199.3,15.6,4.67,73.88,638,942
2019-05-31,South,Wheat,95.42,23.6,20.6,9.19,117.93,1308,680
2019-05-31,South,Vegetables,38.81,129.4,37.5,8.38,102.54,925,354
2019-05-31,North,Fruits,62.24,282.9,21.3,3.46,94.17,633,1772
2019-05-31,North,Fruits,77.92,178.2,21.4,1.94,84.47,1049,1486
2019-05-31,North,Rice,38.11,149.4,35.2,1.91,107.28,1481,1134
2019-05-31,North,Rice,44.78,221.7,32.0,2.24,65.62,1976,674
2019-05-31,South,Rice,45.75,37.7,34.9,5.22,106.64,1579,838
2019-05-31,East,Fruits,60.58,57.4,35.1,2.07,115.41,938,1507
2019-05-31,West,Wheat,14.45,163.7,37.0,2.7,70.57,872,602
2019-05-31,North,Wheat,49.47,69.5,28.1,6.06,99.22,883,1345
2019-06-30,North,Fruits,27.6,66.1,19.6,4.82,70.03,1600,1496
2019-06-30,East,Rice,63.64,270.9,19.2,5.95,90.81,1686,1467
2019-06-30,East,Vegetables,98.16,235.5,31.4,8.39,57.13,519,1588
2019-06-30,West,Vegetables,58.96,8.3,32.3,6.66,74.04,945,633
2019-06-30,West,Rice,38.24,212.8,35.9,6.24,118.33,1338,946
2019-06-30,West,Wheat,53.28,29.3,19.1,4.22,77.98,1868,686
2019-06-30,East,Vegetables,63.88,55.6,38.4,7.2,68.78,1581,1671
2019-06-30,West,Fruits,78.63,165.6,21.3,9.1,102.31,1570,648
2019-06-30,North,Wheat,33.04,130.6,16.5,5.1,111.19,824,1012
2019-06-30,North,Fruits,90.84,220.9,23.0,2.99,102.76,632,772
2019-06-30,South,Fruits,78.99,241.1,21.6,4.49,52.21,1341,1114
2019-06-30,North,Vegetables,12.06,155.3,34.4,5.98,106.04,1829,1438
2019-07-31,East,Vegetables,51.26,136.5,33.3,8.0,95.5,1622,1129
2019-07-31,North,Fruits,30.46,231.2,32.7,9.64,112.52,1669,546
2019-07-31,South,Wheat,98.96,106.5,39.9,2.02,76.84,1791,559
2019-07-31,North,Vegetables,18.27,129.0,20.4,5.97,62.45,1588,379
2019-07-31,North,Wheat,55.63,164.1,19.1,8.82,90.83,1969,897
2019-07-31,South,Fruits,91.96,229.4,38.5,7.54,119.35,888,1773
2019-07-31,East,Vegetables,29.73,4.7,32.0,5.85,107.79,1067,982
2019-08-31,North,Fruits,11.14,172.2,36.1,8.46,93.54,1965,840
2019-08-31,East,Wheat,85.79,295.3,33.4,2.54,111.7,1597,1634
2019-08-31,South,Fruits,83.93,37.0,18.8,8.43,80.64,941,809
2019-08-31,East,Fruits,46.35,233.0,36.4,1.29,97.42,941,1568
2019-08-31,West,Wheat,31.15,249.8,33.3,7.44,53.47,1679,667
2019-08-31,West,Fruits,53.96,253.8,28.9,4.83,80.81,687,1284
2019-09-30,North,Fruits,74.72,160.5,18.7,3.68,97.6,1439,453
2019-09-30,North,Rice,85.76,1.7,16.2,3.91,51.65,864,597
2019-09-30,South,Rice,66.93,16.6,29.7,7.88,83.02,864,1374
2019-09-30,South,Rice,55.77,219.6,29.0,3.94,86.52,738,1391
2019-09-30,West,Wheat,36.15,20.5,19.9,1.63,88.79,1214,1252
2019-09-30,East,Rice,78.06,3.0,20.4,3.16,53.56,1209,1264
2019-09-30,South,Vegetables,14.03,220.9,23.3,9.33,59.84,864,619
2019-09-30,North,Wheat,35.64,154.0,24.3,5.11,76.02,1844,737
2019-10-31,South,Fruits,83.8,287.5,35.5,8.61,64.63,1986,516
2019-10-31,South,Wheat,88.95,73.1,28.2,6.27,76.86,647,1506
2019-10-31,North,Wheat,24.87,112.0,30.1,9.01,89.34,510,1127
2019-10-31,North,Wheat,45.17,112.1,21.3,3.3,84.83,1050,1763
2019-10-31,West,Vegetables,35.42,187.6,31.3,2.03,62.91,605,1537
2019-10-31,South,Vegetables,45.71,12.9,26.7,6.49,94.18,1235,1096
2019-10-31,North,Fruits,60.22,63.9,26.6,8.05,70.89,576,567
2019-10-31,South,Rice,38.77,273.4,34.6,4.77,57.71,1526,1788
2019-10-31,West,Wheat,46.75,133.0,32.4,2.68,77.27,1884,1470
2019-10-31,East,Vegetables,23.05,220.0,28.4,1.91,51.11,738,308
2019-10-31,North,Fruits,71.82,148.1,38.1,7.77,111.61,1457,368
2019-10-31,South,Vegetables,23.24,92.7,28.7,5.63,73.54,606,891
2019-10-31,North,Vegetables,52.74,76.3,20.0,1.05,63.26,752,1689
2019-10-31,East,Fruits,59.51,9.8,38.4,9.73,93.87,1199,1605
2019-10-31,North,Rice,63.13,236.0,19.9,4.04,116.34,777,616
2019-11-30,South,Fruits,80.81,219.4,19.9,5.62,96.51,1868,1740
2019-11-30,East,Rice,93.67,272.0,29.2,6.56,60.35,1937,828
2019-11-30,North,Vegetables,65.48,297.0,21.9,4.61,77.32,1486,1556
2019-11-30,East,Vegetables,70.43,254.2,21.0,6.58,117.14,663,1772
2019-11-30,East,Wheat,49.04,109.3,35.9,4.4,85.52,1789,766
2019-11-30,East,Fruits,14.3,137.7,32.5,9.94,55.88,713,1390
2019-11-30,North,Rice,51.53,61.2,34.2,3.41,99.16,1932,842
2019-11-30,East,Rice,79.17,283.2,38.1,8.84,57.66,1839,942
2019-11-30,East,Fruits,35.01,14.3,17.3,6.18,50.05,1039,1443
2019-12-31,East,Fruits,57.92,204.7,26.6,3.74,71.0,1103,997
2019-12-31,South,Vegetables,79.47,129.2,23.6,5.66,110.65,637,491
2019-12-31,South,Vegetables,67.84,222.8,36.1,4.54,97.83,1216,1346
2019-12-31,East,Wheat,51.41,51.6,26.8,8.25,73.7,1576,1469
2019-12-31,West,Rice,53.61,170.4,34.9,6.95,86.46,1984,748
2019-12-31,East,Fruits,61.71,226.2,22.0,9.83,72.56,1310,1527
2019-12-31,West,Wheat,18.36,190.3,15.2,8.23,87.9,1215,1276
2019-12-31,North,Fruits,18.46,185.2,25.3,7.47,116.17,1039,1379
2019-12-31,North,Fruits,10.17,268.8,26.0,1.03,100.04,1910,1484
2019-12-31,North,Wheat,83.96,279.1,24.4,3.19,97.87,1357,712
2019-12-31,East,Rice,53.91,39.8,39.1,8.01,91.07,881,1045
2020-01-31,East,Fruits,20.8,153.9,18.7,9.22,83.8,997,1445
2020-01-31,South,Wheat,78.34,139.2,28.0,2.29,95.19,965,895
2020-01-31,East,Vegetables,11.62,156.5,28.8,1.42,86.52,575,638
2020-01-31,North,Rice,17.6,191.0,35.9,3.66,94.06,1335,1676
2020-01-31,North,Fruits,98.55,61.0,36.7,1.68,93.54,1695,644
2020-01-31,East,Fruits,68.18,115.9,16.7,1.22,78.99,1554,1498
2020-01-31,North,Vegetables,34.44,256.4,35.3,4.09,116.11,537,1761
2020-01-31,West,Vegetables,67.62,268.7,29.4,6.77,118.81,1391,682
2020-01-31,West,Fruits,21.82,285.7,31.6,9.43,99.96,1180,1292
2020-01-31,East,Wheat,25.61,255.1,15.9,6.57,112.93,1724,716
2020-01-31,East,Rice,92.64,128.2,18.2,4.11,82.99,1778,1211
2020-02-29,South,Fruits,55.55,228.7,22.3,2.1,114.96,1671,1729
2020-02-29,South,Vegetables,80.99,122.4,24.9,5.52,110.45,788,1572
2020-02-29,East,Vegetables,90.62,242.5,24.0,7.31,85.0,819,1189
2020-02-29,North,Wheat,17.44,288.1,29.4,2.04,51.3,1044,800
2020-02-29,South,Rice,39.07,178.4,30.4,1.57,100.93,1987,340
2020-02-29,East,Fruits,43.84,27.2,30.0,3.35,60.81,724,512
2020-02-29,North,Rice,96.02,131.7,16.5,9.97,77.2,1732,522
2020-02-29,South,Wheat,64.19,265.4,32.4,5.0,92.54,786,903
2020-02-29,South,Vegetables,47.09,231.9,17.9,7.64,86.02,1143,1301
2020-02-29,North,Vegetables,13.2,248.8,33.7,3.55,101.4,1297,1274
2020-02-29,West,Vegetables,16.06,196.4,21.1,9.06,93.08,816,1037
2020-02-29,North,Rice,61.95,60.3,35.3,9.96,51.11,1161,1282
2020-02-29,North,Vegetables,86.63,110.3,27.7,4.7,111.51,1809,446
2020-02-29,South,Vegetables,24.34,142.8,32.6,6.75,108.69,1978,716
2020-02-29,West,Rice,64.76,115.5,34.0,6.82,80.85,1509,1493
2020-02-29,East,Wheat,18.47,2.0,23.1,5.11,73.01,1267,332
2020-02-29,South,Fruits,87.82,149.6,30.4,1.74,117.66,1693,345
2020-02-29,West,Rice,71.29,158.2,36.4,1.73,65.84,605,1069
2020-02-29,North,Rice,30.51,250.6,33.6,8.23,105.06,1516,812
2020-03-31,East,Rice,87.12,106.8,36.3,3.39,101.0,1747,641
2020-03-31,South,Vegetables,17.94,219.9,23.3,1.07,84.36,1733,1181
2020-03-31,South,Vegetables,32.99,52.2,15.0,2.62,98.27,704,956
2020-03-31,North,Rice,59.73,281.7,38.6,7.75,97.07,1315,468
2020-03-31,North,Rice,45.92,296.0,24.0,6.79,118.55,1125,763
2020-03-31,South,Wheat,30.94,181.0,32.8,8.4,56.07,541,1325
2020-03-31,East,Wheat,37.04,224.3,29.2,3.73,111.82,1872,1027
2020-03-31,West,Rice,98.93,100.1,26.5,8.22,58.26,1329,632
2020-03-31,South,Fruits,82.8,168.3,36.8,9.93,82.04,1222,1295
2020-03-31,North,Fruits,38.58,271.8,25.8,3.3,112.66,1588,1615
2020-03-31,North,Vegetables,31.31,181.7,22.8,8.53,96.85,1342,879
2020-03-31,South,Rice,44.87,247.1,30.0,1.26,63.49,1691,1173
2020-04-30,West,Rice,48.04,169.4,16.3,3.08,90.78,1602,615
2020-04-30,West,Vegetables,10.63,35.5,22.2,8.7,73.92,643,720
2020-04-30,West,Wheat,35.45,187.5,32.3,8.58,64.71,1193,1285
2020-04-30,South,Rice,99.54,20.8,29.7,4.43,101.43,1365,663
2020-04-30,South,Fruits,40.75,0.9,26.9,2.96,98.26,1948,1471
2020-04-30,South,Wheat,78.36,239.9,38.1,7.72,101.83,1105,1530
2020-04-30,West,Fruits,61.6,226.1,24.3,4.24,79.06,1843,1137
2020-04-30,West,Wheat,40.76,6.2,29.9,1.93,114.77,1398,1319
2020-05-31,North,Wheat,25.36,164.1,17.2,1.01,90.22,1859,1645
2020-05-31,North,Fruits,76.06,91.8,18.1,3.72,94.14,1486,534
2020-05-31,South,Fruits,43.43,18.2,30.1,5.81,65.24,1916,690
2020-05-31,East,Fruits,62.47,277.5,19.5,1.07,92.04,991,543
2020-05-31,West,Fruits,98.03,27.6,30.1,7.52,114.24,1183,1361
2020-05-31,West,Wheat,63.23,37.6,19.6,1.24,118.84,1242,602
2020-05-31,North,Rice,97.55,4.0,31.3,8.65,105.23,1421,1376
2020-05-31,South,Rice,82.03,47.6,18.2,4.54,58.8,1817,1777
2020-06-30,North,Rice,21.36,157.7,38.6,3.92,61.94,1007,840
2020-06-30,North,Rice,23.71,59.8,20.2,4.13,102.33,958,554
2020-06-30,West,Vegetables,74.8,3.4,23.8,6.24,106.16,1937,817
2020-06-30,East,Rice,55.67,151.2,35.3,8.9,70.17,1803,1544
2020-06-30,North,Wheat,82.12,29.5,22.6,1.56,101.94,677,1344
2020-06-30,North,Fruits,69.31,64.2,20.6,8.6,119.19,1456,1077
2020-06-30,South,Wheat,28.06,2.6,19.1,3.67,110.09,1533,767
2020-06-30,West,Vegetables,10.19,4.4,15.3,4.22,111.0,1540,1356
2020-07-31,South,Rice,73.69,124.4,34.3,6.76,72.09,1690,1332
2020-07-31,North,Vegetables,76.69,175.4,25.4,1.87,81.33,1048,1700
2020-07-31,West,Rice,75.26,34.9,17.1,8.13,93.13,1793,756
2020-07-31,West,Fruits,32.89,10.5,31.1,7.47,78.25,1245,346
2020-07-31,West,Fruits,37.98,247.4,25.0,1.78,55.72,1892,1002
2020-07-31,East,Wheat,45.41,203.3,34.8,3.39,117.42,949,1759
2020-07-31,North,Fruits,51.69,271.0,39.1,9.52,67.49,1587,1616
2020-07-31,West,Rice,24.88,164.8,24.1,6.52,65.09,774,1581
2020-07-31,East,Wheat,67.34,124.8,16.4,5.17,100.33,787,709
2020-08-31,South,Wheat,71.68,43.1,22.0,7.2,76.8,776,624
2020-08-31,East,Rice,60.2,258.4,27.3,4.15,69.73,1666,1461
2020-08-31,South,Vegetables,88.95,50.1,38.5,3.54,85.08,1879,1020
2020-08-31,South,Rice,71.73,42.7,15.2,2.02,109.09,1591,466
2020-09-30,West,Vegetables,16.94,224.0,26.6,1.34,111.77,1204,1127
2020-09-30,West,Fruits,76.43,177.1,24.6,5.05,101.09,1543,1454
2020-09-30,East,Rice,27.21,150.0,35.6,2.88,96.6,1611,1584
2020-09-30,South,Fruits,30.95,222.8,31.7,8.32,75.21,509,442
2020-09-30,West,Vegetables,15.2,286.1,23.7,5.0,102.47,756,1496
2020-09-30,South,Wheat,29.0,104.1,18.4,9.98,107.31,1032,1786
2020-09-30,West,Rice,30.27,214.3,23.3,3.78,113.22,1942,932
2020-09-30,North,Rice,44.89,101.1,34.5,3.83,70.26,1981,1571
2020-09-30,South,Wheat,78.24,266.7,20.5,9.4,101.73,604,1016
2020-09-30,East,Rice,84.41,258.3,30.3,5.35,119.96,648,1212
2020-09-30,South,Vegetables,66.03,84.3,21.4,2.12,55.96,854,1320
2020-09-30,North,Rice,91.12,259.6,27.5,2.45,102.96,1986,1400
2020-10-31,North,Wheat,24.48,88.6,16.3,5.66,80.91,1588,898
2020-10-31,East,Rice,65.07,61.3,32.8,5.73,87.89,879,373
2020-10-31,South,Vegetables,33.46,13.8,16.3,9.57,92.78,892,1740
2020-10-31,North,Fruits,75.52,97.9,28.3,6.57,68.84,1629,1740
2020-10-31,North,Rice,77.49,92.1,20.0,6.49,106.4,1577,1748
2020-10-31,West,Fruits,18.41,162.6,17.8,8.13,66.63,1380,1352
2020-11-30,West,Vegetables,63.67,129.9,33.8,8.15,113.02,703,1282
2020-11-30,North,Fruits,13.58,246.2,30.5,3.96,85.62,1122,927
2020-11-30,East,Wheat,71.91,87.0,15.2,5.9,82.42,816,585
2020-11-30,West,Rice,74.93,140.4,34.3,2.25,51.34,1661,1542
2020-11-30,South,Fruits,49.89,65.7,34.6,7.38,66.58,1229,1494
2020-11-30,North,Vegetables,80.44,181.8,28.5,6.14,85.93,820,1489
2020-12-31,East,Vegetables,16.23,242.4,28.9,7.79,118.86,1199,1423
2020-12-31,North,Vegetables,50.4,160.0,22.1,1.93,87.91,831,1197
2020-12-31,East,Fruits,96.74,185.9,38.5,9.26,79.73,525,1204
2020-12-31,North,Fruits,72.59,108.5,34.9,7.53,64.48,1853,827
2020-12-31,West,Rice,67.62,282.2,23.0,1.47,69.55,1049,946
2020-12-31,West,Fruits,30.56,267.5,16.4,3.07,63.27,1748,1558
2020-12-31,North,Rice,16.29,178.0,30.1,6.92,118.1,862,656
2020-12-31,East,Rice,94.28,172.6,22.4,8.82,108.31,1289,1659
2021-01-31,East,Fruits,23.64,41.5,25.9,9.88,93.25,1514,1135
2021-01-31,East,Fruits,34.1,203.7,31.9,8.71,101.04,1928,635
2021-01-31,East,Fruits,35.17,111.3,31.8,4.62,55.42,1776,1037
2021-01-31,South,Rice,92.69,179.0,27.8,3.35,81.06,1862,426
2021-01-31,East,Vegetables,88.94,190.8,22.8,5.25,99.15,816,1735
2021-01-31,East,Rice,44.84,217.7,17.9,7.74,59.84,1939,306
2021-02-28,East,Wheat,20.42,260.6,15.4,8.8,50.71,752,343
2021-02-28,North,Vegetables,53.04,119.3,23.3,1.3,113.81,1736,1225
2021-02-28,East,Fruits,93.65,252.7,24.9,5.93,63.61,1099,983
2021-02-28,South,Fruits,16.68,190.4,37.7,7.07,54.93,1823,749
2021-02-28,South,Rice,53.04,214.6,18.3,5.18,92.55,1860,975
2021-02-28,West,Wheat,37.22,20.0,16.1,5.78,61.46,1862,908
2021-02-28,South,Vegetables,54.23,69.2,32.5,5.12,69.39,1067,606
2021-02-28,West,Fruits,85.55,123.3,26.9,6.88,98.48,778,1639
2021-02-28,South,Rice,19.47,91.2,22.1,2.56,102.37,1299,1383
2021-03-31,North,Wheat,59.47,93.0,15.7,2.25,99.63,1925,483
2021-03-31,North,Rice,99.52,46.7,19.5,3.39,66.28,1852,1465
2021-03-31,North,Vegetables,47.45,196.8,35.1,7.77,114.79,1358,1010
2021-03-31,West,Rice,12.67,105.0,32.0,9.51,83.87,1717,877
2021-03-31,East,Wheat,62.22,139.7,38.2,9.0,78.96,1480,532
2021-03-31,West,Rice,23.41,144.6,26.1,3.81,52.91,1019,990
2021-03-31,West,Wheat,85.8,229.5,16.0,8.91,94.58,697,1138
2021-03-31,South,Fruits,96.86,271.1,22.2,3.18,74.62,1399,1354
2021-03-31,West,Rice,39.74,80.3,33.3,3.31,118.05,1500,1758
2021-03-31,South,Rice,27.13,279.3,37.3,1.74,59.61,1386,732
2021-03-31,South,Wheat,51.12,24.8,38.5,8.31,90.09,1054,1651
2021-03-31,West,Wheat,12.47,189.0,37.9,1.72,68.63,858,1312
2021-04-30,South,Wheat,82.56,122.3,31.7,3.27,112.21,532,878
2021-04-30,West,Vegetables,14.04,113.8,39.7,9.38,72.15,1926,527
2021-04-30,East,Wheat,72.79,116.2,28.4,5.82,117.77,976,625
2021-04-30,West,Fruits,98.31,41.7,28.9,2.59,110.87,1369,1468
2021-04-30,South,Vegetables,57.87,121.8,34.1,8.4,71.77,1234,1005
2021-04-30,North,Rice,90.23,159.5,31.9,1.06,87.88,1744,1393
2021-04-30,West,Rice,83.73,236.2,22.2,3.44,119.55,1057,921
2021-04-30,South,Vegetables,88.49,112.0,17.3,8.67,89.02,1439,1691
2021-05-31,North,Vegetables,97.84,235.3,16.9,9.83,67.06,893,1390
2021-05-31,North,Fruits,69.28,54.1,29.5,9.14,97.64,1690,1264
2021-05-31,South,Wheat,33.96,13.5,25.4,1.19,88.48,569,507
2021-05-31,North,Rice,51.04,112.6,37.8,5.92,86.7,1722,1732
2021-05-31,North,Vegetables,79.62,260.5,36.1,7.18,116.81,1359,434
2021-05-31,North,Rice,86.73,135.9,33.3,7.72,68.3,1634,699
2021-05-31,North,Wheat,51.99,138.9,18.6,8.35,54.21,946,1514
2021-06-30,East,Vegetables,91.48,235.2,35.4,2.39,102.19,1234,1676
2021-06-30,West,Fruits,33.94,149.2,27.1,6.06,81.45,839,346
2021-06-30,South,Wheat,12.06,247.0,30.3,4.15,105.22,1410,1483
2021-06-30,West,Wheat,88.85,22.9,30.5,5.77,82.05,1927,635
2021-06-30,South,Fruits,64.52,207.2,19.9,1.02,77.21,1692,632
2021-06-30,South,Fruits,91.66,145.3,20.4,5.05,76.88,1922,826
2021-07-31,North,Vegetables,89.6,269.5,32.9,4.92,89.13,1331,328
2021-07-31,North,Rice,59.42,46.8,21.6,2.2,72.21,1458,1756
2021-07-31,South,Wheat,56.87,46.1,34.5,2.06,74.13,1804,1152
2021-07-31,South,Fruits,45.32,186.3,23.9,3.93,61.38,645,906
2021-07-31,East,Vegetables,75.97,159.0,30.3,8.41,101.08,1569,940
2021-08-31,South,Vegetables,14.75,124.3,37.2,6.62,78.48,1411,311
2021-08-31,South,Fruits,64.23,99.6,23.5,8.68,64.39,1793,984
2021-08-31,North,Fruits,60.22,263.8,26.6,4.72,59.15,832,1291
2021-08-31,South,Rice,33.13,299.8,34.3,9.88,69.88,1278,1501
2021-08-31,East,Vegetables,11.11,266.5,21.5,5.62,85.58,1337,801
2021-08-31,East,Rice,68.57,64.8,35.1,2.94,57.07,1230,389
2021-08-31,West,Rice,13.03,156.8,38.3,3.3,54.2,1481,1061
2021-08-31,East,Fruits,36.95,37.5,21.9,5.18,94.32,1677,502
2021-09-30,North,Wheat,33.7,103.6,39.4,6.97,106.66,1714,318
2021-09-30,East,Vegetables,23.84,234.6,20.0,8.76,104.22,1093,1300
2021-09-30,West,Wheat,99.32,124.7,20.6,5.57,111.74,513,750
2021-09-30,East,Vegetables,10.55,93.5,31.6,5.09,51.81,1015,984
2021-09-30,North,Vegetables,59.44,191.7,38.5,8.8,87.81,1669,462
2021-09-30,West,Rice,25.64,17.9,23.5,7.6,61.55,1438,371
2021-10-31,West,Rice,84.94,18.4,25.8,4.09,60.46,1019,1436
2021-10-31,East,Wheat,42.06,148.2,33.5,1.62,60.08,1286,1326
2021-10-31,South,Rice,89.38,222.5,15.2,7.3,113.13,756,661
2021-10-31,South,Vegetables,83.97,292.6,33.1,3.4,93.64,1410,426
2021-10-31,West,Rice,15.63,54.1,38.7,1.18,95.51,1349,938
2021-10-31,South,Vegetables,76.38,6.6,23.6,3.65,88.98,1127,1395
2021-10-31,North,Vegetables,42.83,102.5,26.4,7.06,92.96,1815,961
2021-11-30,South,Wheat,71.21,102.1,34.6,9.13,101.58,715,1756
2021-11-30,South,Wheat,57.02,274.7,23.3,4.57,54.61,1485,1662
2021-11-30,East,Fruits,33.1,104.1,15.6,5.25,79.51,1733,1095
2021-11-30,North,Vegetables,50.54,194.3,17.5,7.35,57.17,1806,1110
2021-12-31,East,Rice,66.52,292.4,20.4,9.3,84.81,1726,373
2021-12-31,East,Rice,44.16,81.4,31.8,3.12,59.89,556,1400
2021-12-31,East,Fruits,67.56,265.7,26.4,8.56,73.87,1909,948
2021-12-31,East,Vegetables,97.37,170.8,31.2,4.56,76.51,1832,1780
2021-12-31,West,Wheat,73.91,109.1,23.0,6.43,97.35,1229,1202
2021-12-31,East,Vegetables,84.26,168.0,35.1,8.12,99.17,1689,686
2021-12-31,South,Fruits,80.55,117.8,21.0,2.55,77.96,1419,919
2022-01-31,East,Fruits,80.41,20.9,31.9,4.77,118.73,1504,1797
2022-01-31,North,Fruits,43.3,247.3,17.8,8.6,119.43,529,1489
2022-01-31,East,Rice,19.57,213.9,18.5,4.08,95.47,1656,1555
2022-01-31,South,Vegetables,75.92,74.1,18.1,7.34,107.05,769,774
2022-01-31,North,Fruits,81.41,49.8,21.4,8.8,55.6,707,1056
2022-01-31,East,Wheat,11.59,130.7,37.8,9.06,116.31,1364,380
2022-01-31,East,Fruits,49.71,73.9,25.3,6.12,66.67,1857,1282
2022-01-31,South,Wheat,58.33,222.9,18.7,1.42,119.48,1409,798
2022-02-28,West,Rice,81.33,124.1,30.8,4.23,84.07,829,782
2022-02-28,North,Wheat,26.47,282.4,17.9,7.41,72.4,1651,1356
2022-02-28,North,Rice,81.85,15.1,31.3,8.45,69.32,1999,692
2022-02-28,East,Vegetables,27.9,101.2,26.0,7.96,107.2,1466,1740
2022-02-28,East,Rice,21.85,214.4,33.3,6.54,115.86,756,1578
2022-02-28,South,Rice,80.43,4.8,33.8,7.13,115.86,1676,1191
2022-02-28,North,Rice,19.53,76.6,17.4,7.83,53.7,609,888
2022-02-28,East,Vegetables,13.42,275.8,30.4,3.83,103.9,1073,599
2022-02-28,North,Rice,17.85,149.8,28.9,4.62,85.37,1769,1743
2022-02-28,East,Rice,69.64,77.5,19.7,3.33,79.01,1242,1762
2022-02-28,South,Vegetables,95.2,35.1,24.5,3.53,111.41,880,644
2022-03-31,North,Wheat,16.15,162.4,18.8,4.32,78.45,1925,1447
2022-03-31,South,Rice,67.25,251.9,31.2,6.7,51.34,1731,1190
2022-03-31,North,Fruits,57.8,202.3,33.2,8.54,86.59,1009,1289
2022-03-31,South,Rice,57.84,112.3,24.0,9.18,92.08,1218,984
2022-03-31,West,Fruits,21.52,25.2,31.2,7.65,70.78,1412,726
2022-03-31,West,Fruits,35.0,114.8,30.0,5.21,68.13,1605,1221
2022-03-31,North,Fruits,59.04,169.1,39.1,1.37,118.48,1059,644
2022-03-31,East,Wheat,24.55,0.6,15.1,4.04,64.73,1150,887
2022-03-31,North,Wheat,30.77,282.1,21.3,3.41,85.07,1471,1371
2022-04-30,North,Fruits,14.71,248.0,23.4,6.4,115.64,522,1754
2022-04-30,North,Wheat,26.0,62.1,38.5,8.76,79.64,1446,758
2022-04-30,East,Vegetables,27.07,271.9,23.9,5.07,59.23,1653,1501
2022-04-30,East,Rice,70.02,57.2,16.4,6.89,63.3,739,965
2022-04-30,East,Vegetables,96.55,113.2,28.0,1.88,100.45,889,556
2022-04-30,South,Fruits,30.6,281.2,21.0,3.53,88.15,1818,678
2022-04-30,North,Fruits,37.55,185.2,22.3,9.09,102.52,666,1428
2022-04-30,North,Rice,19.97,153.8,32.0,2.67,100.05,1532,576
2022-05-31,North,Wheat,70.88,66.6,25.4,6.86,112.97,513,1487
2022-05-31,West,Wheat,40.67,285.4,39.6,2.43,86.38,1802,791
2022-05-31,West,Vegetables,43.61,212.5,19.0,4.05,68.82,1662,780
2022-05-31,South,Wheat,29.06,171.2,25.9,9.38,63.32,810,967
2022-05-31,West,Wheat,39.32,243.1,16.5,7.45,116.37,1207,1415
2022-05-31,South,Rice,66.36,171.6,35.8,8.18,79.36,901,1075
2022-05-31,East,Rice,80.76,238.9,30.7,8.14,92.16,770,1012
2022-05-31,South,Rice,59.46,232.3,37.6,6.63,96.54,1576,780
2022-05-31,North,Wheat,85.78,131.2,37.1,4.99,82.78,1543,1228
2022-05-31,South,Fruits,16.72,248.9,39.8,4.39,86.03,921,979
2022-05-31,South,Wheat,16.18,137.5,20.5,5.35,59.64,1205,428
2022-05-31,East,Wheat,44.11,76.0,32.1,7.25,98.96,1812,1531
2022-05-31,East,Rice,97.67,83.5,38.7,7.14,77.76,1238,1767
2022-06-30,North,Fruits,21.98,228.3,20.4,2.1,72.1,1373,865
2022-06-30,North,Wheat,30.37,174.6,39.9,1.15,74.85,695,851
2022-06-30,North,Rice,31.91,90.6,18.4,4.59,93.69,1056,422
2022-06-30,South,Wheat,14.15,124.3,28.6,2.06,76.55,1574,1580
2022-06-30,North,Fruits,45.59,275.0,16.0,1.06,112.12,1089,802
2022-06-30,North,Wheat,69.67,182.9,35.5,2.03,94.18,1292,1797
2022-06-30,North,Rice,59.06,164.3,39.6,2.65,70.24,1211,1149
2022-06-30,South,Rice,34.24,169.0,26.1,7.04,60.19,1138,1169
2022-06-30,West,Fruits,53.68,127.4,30.1,2.55,108.6,1095,1696
2022-06-30,South,Vegetables,75.27,179.1,35.9,2.48,92.2,1857,1448
2022-06-30,North,Fruits,69.18,105.8,34.5,4.24,93.31,1118,1650
2022-06-30,North,Rice,12.8,63.0,24.7,2.85,64.33,1324,462
2022-06-30,South,Fruits,84.27,217.5,22.1,2.54,74.55,875,316
2022-06-30,South,Fruits,55.1,279.2,39.9,4.62,96.23,1846,1799
2022-06-30,North,Rice,23.89,217.3,21.2,9.6,60.42,794,454
2022-06-30,East,Rice,32.86,8.5,20.6,8.63,81.5,572,1039
2022-07-31,West,Wheat,15.82,217.5,33.2,7.04,81.38,807,1065
2022-07-31,South,Fruits,45.08,112.1,34.5,1.29,94.71,582,383
2022-07-31,West,Vegetables,76.35,202.8,30.2,9.49,86.78,1716,733
2022-07-31,West,Wheat,22.5,258.5,26.1,2.92,62.27,1789,317
2022-07-31,West,Fruits,73.0,233.0,29.5,2.16,73.55,1507,744
2022-08-31,East,Fruits,98.21,113.7,23.1,8.33,111.19,1709,925
2022-08-31,East,Rice,15.35,180.9,21.1,2.12,70.07,795,438
2022-08-31,West,Wheat,76.57,125.8,37.4,4.36,119.69,1484,1480
2022-08-31,South,Fruits,10.02,235.9,39.9,9.31,119.99,1470,1487
2022-08-31,West,Vegetables,77.13,273.1,29.7,2.58,93.54,1100,1058
2022-08-31,East,Fruits,84.14,83.8,28.1,3.76,81.24,1076,888
2022-08-31,South,Vegetables,76.58,23.1,33.2,1.86,64.15,763,1382
2022-08-31,West,Vegetables,43.34,281.5,19.2,8.08,77.11,743,996
2022-08-31,South,Vegetables,33.26,292.3,16.1,7.91,96.5,1551,1089
2022-08-31,North,Rice,99.21,135.2,15.5,1.52,71.78,798,524
2022-08-31,East,Wheat,70.69,15.7,23.4,2.28,116.52,1127,360
2022-08-31,North,Vegetables,77.87,201.6,18.8,6.61,57.44,935,849
2022-08-31,North,Wheat,57.92,164.8,34.7,3.44,113.42,1579,1382
2022-08-31,West,Vegetables,84.75,69.6,28.1,4.96,113.43,1264,1346
2022-08-31,East,Fruits,70.44,142.6,29.7,8.05,119.88,1047,1263
2022-08-31,West,Vegetables,34.81,21.3,22.4,6.0,110.2,796,882
2022-08-31,East,Wheat,93.31,4.7,15.6,9.54,105.81,691,1555
2022-08-31,East,Fruits,71.05,61.1,37.5,7.43,71.17,1208,1229
2022-08-31,East,Vegetables,83.51,83.5,33.6,1.12,114.12,608,829
2022-09-30,North,Rice,37.29,245.4,30.8,4.58,62.41,1437,1033
2022-09-30,East,Rice,31.23,134.6,20.9,7.7,78.56,1799,1197
2022-09-30,South,Fruits,30.35,181.6,15.6,7.55,83.22,1412,805
2022-09-30,South,Vegetables,35.54,264.5,37.3,8.79,62.35,1152,1345
2022-09-30,West,Vegetables,84.64,99.1,33.7,1.51,67.74,1918,411
2022-09-30,South,Fruits,97.74,280.6,28.7,2.86,92.54,1753,680
2022-09-30,North,Vegetables,83.06,138.0,24.5,2.79,70.37,1656,1036
2022-09-30,East,Wheat,38.27,257.9,37.4,2.73,51.92,1794,1304
2022-09-30,South,Fruits,49.82,56.7,27.3,3.91,50.83,1237,760
2022-09-30,South,Wheat,89.19,110.8,22.7,8.07,109.4,1280,1464
2022-09-30,North,Fruits,14.19,5.9,29.6,7.66,58.36,604,1342
2022-10-31,West,Fruits,25.04,33.6,25.1,3.86,75.86,745,1149
2022-10-31,East,Vegetables,44.68,93.0,32.4,7.56,58.77,1816,1196
2022-10-31,North,Vegetables,57.45,142.5,18.0,5.5,93.91,1903,1215
2022-10-31,South,Fruits,42.68,131.5,24.9,3.08,66.41,1412,994
2022-10-31,East,Rice,49.2,179.7,28.8,9.5,114.62,1589,1068
2022-10-31,East,Wheat,88.48,50.4,27.4,1.35,101.61,1406,715
2022-10-31,West,Wheat,84.26,298.5,17.1,1.55,62.18,952,956
2022-11-30,East,Vegetables,79.91,65.9,29.9,4.57,118.88,587,414
2022-11-30,South,Fruits,83.5,218.8,22.9,9.88,85.27,1626,766
2022-11-30,East,Wheat,41.13,123.5,21.2,2.26,64.46,1655,844
2022-11-30,West,Wheat,31.5,4.0,16.0,3.29,81.11,571,755
2022-11-30,West,Rice,29.32,141.3,30.5,7.91,76.34,1304,489
2022-11-30,South,Wheat,10.29,185.7,17.3,6.87,89.17,505,494
2022-11-30,South,Wheat,42.43,241.8,27.2,6.59,85.54,809,629
2022-11-30,North,Fruits,71.27,264.5,21.1,2.23,100.93,1712,801
2022-11-30,East,Fruits,67.16,258.9,21.8,3.63,89.6,1423,1393
2022-11-30,South,Vegetables,54.5,294.6,16.1,5.79,81.33,1797,1601
2022-12-31,East,Wheat,84.07,119.2,26.1,5.8,93.44,1830,1585
2022-12-31,East,Rice,12.26,294.1,27.5,4.84,52.61,780,478
2022-12-31,East,Vegetables,13.94,148.4,15.4,2.98,106.95,1714,751
2022-12-31,South,Wheat,57.37,154.2,19.6,8.06,70.09,725,1534
2022-12-31,West,Wheat,32.78,202.3,29.0,2.66,118.59,1530,515
2022-12-31,East,Fruits,23.55,16.3,37.3,2.25,100.49,1424,465
2022-12-31,West,Vegetables,25.06,95.4,31.8,3.4,64.58,1959,1619
2022-12-31,North,Fruits,98.06,68.6,32.0,5.78,116.18,1215,343
2022-12-31,West,Rice,78.33,166.0,24.1,5.01,66.87,837,558
2022-12-31,West,Wheat,12.94,209.0,26.7,7.81,70.1,1188,923
2022-12-31,West,Fruits,65.21,153.8,35.1,8.96,86.34,1044,852
2022-12-31,East,Fruits,65.35,13.6,31.5,2.86,108.22,598,962
2022-12-31,South,Wheat,16.88,259.2,28.1,9.56,56.69,1571,1382
2023-01-31,West,Wheat,91.85,92.7,16.3,5.43,53.47,1024,1276
2023-01-31,West,Fruits,15.16,288.5,22.0,4.76,116.73,1167,792
2023-01-31,East,Wheat,56.32,229.1,18.4,8.53,60.05,1990,485
2023-01-31,North,Fruits,21.27,73.7,29.1,5.02,90.76,1738,540
2023-01-31,East,Wheat,12.2,212.0,22.7,5.0,102.05,590,565
2023-01-31,East,Vegetables,61.95,9.8,21.6,5.24,113.82,1242,1756
2023-01-31,North,Vegetables,17.78,263.4,23.4,7.73,86.46,1442,619
2023-01-31,North,Wheat,77.34,286.9,38.5,7.71,94.25,1475,443
2023-01-31,North,Fruits,78.17,64.4,15.7,9.49,90.84,1077,366
2023-02-28,South,Rice,94.34,90.7,19.4,7.0,100.02,1740,830
2023-02-28,West,Rice,76.91,163.4,28.0,6.28,52.04,1045,771
2023-02-28,North,Vegetables,11.62,175.1,37.2,1.57,104.49,1351,1119
2023-02-28,South,Vegetables,75.08,81.4,30.1,3.84,98.75,1688,1603
2023-02-28,West,Vegetables,91.62,18.2,25.9,6.8,100.84,1612,918
2023-02-28,North,Wheat,66.81,160.3,17.2,7.64,68.04,1180,739
2023-02-28,South,Rice,66.96,248.0,29.7,6.27,110.76,1385,1201
2023-03-31,North,Fruits,21.01,51.6,23.4,5.9,119.86,1128,707
2023-03-31,West,Wheat,80.24,192.2,20.8,6.39,51.98,855,1362
2023-03-31,South,Fruits,19.37,162.7,22.6,5.39,57.03,1653,1385
2023-03-31,North,Wheat,56.83,234.2,16.3,6.41,70.96,1902,1549
2023-03-31,North,Vegetables,38.37,280.5,39.4,3.58,101.45,881,1333
2023-03-31,North,Wheat,52.28,62.4,22.4,9.65,71.21,996,1010
2023-03-31,North,Rice,69.29,61.1,28.8,5.83,61.84,625,1792
2023-03-31,North,Vegetables,25.2,68.8,29.8,9.94,58.66,1681,616
2023-03-31,North,Wheat,56.05,128.7,37.6,8.85,95.41,1757,300
2023-03-31,South,Wheat,39.12,192.8,22.4,7.18,69.25,1169,1526
2023-03-31,East,Vegetables,63.37,7.5,25.2,3.09,81.44,1209,1178
2023-03-31,South,Wheat,33.93,207.0,36.6,1.34,55.48,1301,1195
2023-03-31,South,Vegetables,24.83,232.9,15.0,1.56,63.34,1020,1512
2023-03-31,East,Rice,22.69,189.2,18.2,7.97,87.05,1201,1661
2023-03-31,East,Fruits,29.82,164.0,22.9,4.99,50.74,1612,702
2023-03-31,East,Fruits,86.03,188.4,25.2,4.2,103.38,1179,643
2023-04-30,East,Vegetables,44.06,39.0,33.2,5.37,74.64,654,355
2023-04-30,West,Fruits,10.34,122.6,35.7,8.55,82.2,560,841
2023-04-30,East,Vegetables,49.97,117.2,20.2,8.65,62.66,967,1099
2023-04-30,South,Vegetables,40.63,216.2,23.0,5.55,90.02,1161,785
2023-04-30,East,Rice,30.93,136.5,16.0,4.74,61.58,970,416
2023-04-30,East,Vegetables,86.87,254.4,19.3,1.18,98.88,1970,1764
2023-04-30,South,Fruits,34.44,139.5,28.1,2.81,117.31,1357,473
2023-04-30,West,Fruits,54.65,9.3,20.3,6.96,59.38,1638,1771
2023-05-31,East,Vegetables,43.73,124.4,16.3,4.65,104.91,1084,945
2023-05-31,North,Rice,21.02,64.6,22.7,5.93,110.57,1539,394
2023-05-31,South,Wheat,48.63,261.4,38.3,5.63,65.48,767,1197
2023-05-31,North,Wheat,54.59,158.2,21.3,3.02,53.23,1283,1234
2023-05-31,West,Vegetables,54.64,115.9,38.2,5.53,62.09,1872,1590
2023-05-31,East,Wheat,29.9,225.5,20.8,5.05,98.29,1993,1465
2023-05-31,North,Vegetables,68.15,207.0,35.6,8.27,90.14,609,987
2023-05-31,East,Wheat,41.17,55.8,34.1,2.75,98.57,683,1091
2023-05-31,East,Wheat,45.37,257.4,34.4,7.36,108.32,1811,1002
2023-05-31,West,Vegetables,20.16,250.1,23.1,7.03,100.74,748,1187
2023-05-31,West,Fruits,18.43,28.5,35.7,1.47,68.8,770,1204
2023-05-31,West,Fruits,57.57,295.6,22.4,1.77,101.48,773,1181
2023-05-31,South,Rice,68.98,154.9,17.2,1.08,61.17,1699,1654
2023-05-31,West,Rice,96.96,103.4,22.5,3.15,114.87,621,906
2023-05-31,East,Fruits,42.1,221.8,18.2,5.93,114.2,744,525
2023-06-30,South,Vegetables,43.92,184.8,17.3,1.48,117.55,1165,649
2023-06-30,West,Rice,89.4,31.1,25.6,3.92,97.95,1538,1534
2023-06-30,North,Wheat,13.1,250.1,20.0,8.34,75.19,1370,1607
2023-06-30,North,Vegetables,97.97,254.8,23.3,1.96,58.79,911,976
2023-07-31,West,Wheat,50.28,242.2,33.1,6.88,63.23,1607,1218
2023-07-31,East,Wheat,41.88,193.4,31.2,1.66,57.19,1053,494
2023-07-31,South,Rice,19.97,61.9,35.3,1.32,118.68,1103,592
2023-07-31,North,Vegetables,10.21,189.2,24.6,9.99,72.83,1042,1008
2023-07-31,North,Wheat,57.27,283.5,35.4,5.28,112.43,1875,323
2023-07-31,South,Vegetables,63.35,140.1,24.3,8.09,110.85,855,868
2023-07-31,South,Rice,40.92,120.7,19.1,8.43,96.69,947,324
2023-07-31,West,Rice,35.14,144.4,32.5,2.23,112.87,1137,1487
2023-07-31,East,Vegetables,50.51,197.7,17.5,4.95,113.88,870,610
2023-07-31,West,Wheat,48.19,234.4,39.7,2.91,53.8,1699,590
2023-07-31,West,Vegetables,32.99,241.4,19.0,8.91,54.42,1096,900
2023-07-31,East,Fruits,82.96,106.3,30.8,3.4,111.3,1404,433
2023-08-31,North,Fruits,42.66,169.5,29.3,5.91,81.23,1709,876
2023-08-31,East,Wheat,30.47,166.6,25.9,5.38,58.19,722,638
2023-08-31,East,Fruits,27.21,234.3,15.9,8.3,117.26,917,572
2023-08-31,East,Wheat,88.02,35.1,37.2,1.58,111.17,1954,432
2023-08-31,West,Wheat,97.61,296.3,37.6,1.09,57.84,1454,512
2023-08-31,West,Fruits,28.89,39.0,23.5,9.87,57.25,646,1192
2023-08-31,West,Rice,82.59,60.2,23.0,5.04,108.88,1995,1787
2023-08-31,East,Wheat,61.57,206.4,31.3,6.67,53.37,1013,857
2023-08-31,West,Wheat,66.64,284.2,17.7,8.9,110.0,1242,1403
2023-08-31,South,Wheat,10.99,108.7,21.2,2.0,115.1,1416,755
2023-09-30,South,Wheat,75.11,228.7,25.8,1.78,78.89,1801,1405
2023-09-30,South,Vegetables,21.91,205.6,18.2,2.65,65.38,932,1469
2023-09-30,East,Rice,70.06,113.1,37.4,6.45,71.41,1332,766
2023-09-30,East,Rice,63.89,63.6,34.3,8.16,84.53,1163,994
2023-09-30,North,Fruits,40.58,28.3,26.3,2.18,109.43,1197,1641
2023-09-30,West,Rice,45.94,224.5,28.6,1.82,67.98,892,1234
2023-09-30,South,Fruits,25.35,183.4,30.3,8.4,82.34,1129,1109
2023-09-30,South,Wheat,63.87,144.5,16.9,9.56,67.42,559,1552
2023-09-30,South,Rice,58.48,117.5,20.9,8.64,115.44,1843,608
2023-09-30,South,Wheat,34.21,38.2,22.4,4.38,92.48,963,744
2023-09-30,North,Fruits,34.13,74.3,18.1,7.12,90.95,877,465
2023-10-31,North,Rice,18.0,293.1,27.7,2.09,79.25,752,742
2023-10-31,West,Vegetables,61.93,234.2,28.9,8.39,70.62,1805,796
2023-10-31,South,Rice,68.87,195.3,37.6,3.18,51.24,930,1795
2023-10-31,West,Vegetables,20.26,268.4,18.5,6.89,52.41,1067,475
2023-10-31,North,Rice,64.57,284.7,38.2,9.96,65.56,1105,1286
2023-10-31,East,Wheat,66.2,114.4,17.6,1.83,55.54,1808,960
2023-10-31,East,Vegetables,83.83,245.5,18.2,8.63,114.03,1123,557
2023-11-30,South,Fruits,61.73,13.6,19.9,5.39,112.2,1519,437
2023-11-30,North,Rice,70.26,214.5,37.6,2.29,100.1,1853,1740
2023-11-30,North,Vegetables,11.98,37.9,23.9,1.83,81.66,884,749
2023-11-30,West,Wheat,26.81,217.7,29.9,4.45,100.59,1965,1340
2023-12-31,North,Vegetables,97.37,285.9,15.8,8.78,68.25,1004,890
2023-12-31,East,Rice,90.73,267.0,34.4,8.75,107.46,1392,536
2023-12-31,West,Wheat,89.92,176.6,20.5,5.81,98.85,1658,624
2023-12-31,East,Fruits,27.63,98.1,27.1,6.55,62.85,641,1298
2023-12-31,North,Fruits,20.78,54.8,20.9,1.76,116.35,1769,1143
2023-12-31,East,Rice,45.09,189.6,35.0,3.36,72.02,686,730
2023-12-31,South,Vegetables,65.62,269.8,20.0,5.98,101.35,1688,763
2023-12-31,West,Rice,67.15,280.9,29.7,8.68,85.98,933,971
2023-12-31,South,Wheat,20.59,190.3,24.4,8.74,98.09,1664,438
2023-12-31,West,Fruits,93.63,236.8,31.1,6.66,64.66,1260,695
